<stg><name>COO_SpMV</name>


<trans_list>

<trans id="76" from="1" to="2">
<condition id="29">
<or_exp><and_exp></and_exp></or_exp>
</condition>
</trans>

<trans id="77" from="2" to="3">
<condition id="31">
<or_exp><and_exp><literal name="exitcond1" val="1"/>
</and_exp></or_exp>
</condition>
</trans>

<trans id="78" from="2" to="2">
<condition id="33">
<or_exp><and_exp><literal name="exitcond1" val="0"/>
</and_exp></or_exp>
</condition>
</trans>

<trans id="116" from="3" to="15">
<condition id="61">
<or_exp><and_exp><literal name="exitcond" val="1"/>
</and_exp></or_exp>
</condition>
</trans>

<trans id="117" from="3" to="4">
<condition id="73">
<or_exp><and_exp><literal name="exitcond" val="0"/>
</and_exp></or_exp>
</condition>
</trans>

<trans id="105" from="4" to="5">
<condition id="62">
<or_exp><and_exp></and_exp></or_exp>
</condition>
</trans>

<trans id="106" from="5" to="6">
<condition id="63">
<or_exp><and_exp></and_exp></or_exp>
</condition>
</trans>

<trans id="107" from="6" to="7">
<condition id="64">
<or_exp><and_exp></and_exp></or_exp>
</condition>
</trans>

<trans id="108" from="7" to="8">
<condition id="65">
<or_exp><and_exp></and_exp></or_exp>
</condition>
</trans>

<trans id="109" from="8" to="9">
<condition id="66">
<or_exp><and_exp></and_exp></or_exp>
</condition>
</trans>

<trans id="110" from="9" to="10">
<condition id="67">
<or_exp><and_exp></and_exp></or_exp>
</condition>
</trans>

<trans id="111" from="10" to="11">
<condition id="68">
<or_exp><and_exp></and_exp></or_exp>
</condition>
</trans>

<trans id="112" from="11" to="12">
<condition id="69">
<or_exp><and_exp></and_exp></or_exp>
</condition>
</trans>

<trans id="113" from="12" to="13">
<condition id="70">
<or_exp><and_exp></and_exp></or_exp>
</condition>
</trans>

<trans id="114" from="13" to="14">
<condition id="71">
<or_exp><and_exp></and_exp></or_exp>
</condition>
</trans>

<trans id="115" from="14" to="3">
<condition id="72">
<or_exp><and_exp></and_exp></or_exp>
</condition>
</trans>
</trans_list>



<state_list>

<state id="1" st_id="1">

<operation id="16" st_id="1" stage="1" lat="1">
<core>NULL</core>
<MemPortIdVec></MemPortIdVec>
<condition id="17">
<or_exp><and_exp></and_exp></or_exp>
</condition>

<node id="7" bw="0" op_0_bw="0" op_1_bw="32">
<![CDATA[
:0  call void (...)* @_ssdm_op_SpecBitsMap([10000 x i32]* %row) nounwind, !map !32

]]></node>
<StgValue><ssdm name=""/></StgValue>
</operation>

<operation id="17" st_id="1" stage="1" lat="1">
<core>NULL</core>
<MemPortIdVec></MemPortIdVec>
<condition id="17">
<or_exp><and_exp></and_exp></or_exp>
</condition>

<node id="8" bw="0" op_0_bw="0" op_1_bw="32">
<![CDATA[
:1  call void (...)* @_ssdm_op_SpecBitsMap([10000 x i32]* %col) nounwind, !map !38

]]></node>
<StgValue><ssdm name=""/></StgValue>
</operation>

<operation id="18" st_id="1" stage="1" lat="1">
<core>NULL</core>
<MemPortIdVec></MemPortIdVec>
<condition id="17">
<or_exp><and_exp></and_exp></or_exp>
</condition>

<node id="9" bw="0" op_0_bw="0" op_1_bw="32">
<![CDATA[
:2  call void (...)* @_ssdm_op_SpecBitsMap([10000 x float]* %val_r) nounwind, !map !42

]]></node>
<StgValue><ssdm name=""/></StgValue>
</operation>

<operation id="19" st_id="1" stage="1" lat="1">
<core>NULL</core>
<MemPortIdVec></MemPortIdVec>
<condition id="17">
<or_exp><and_exp></and_exp></or_exp>
</condition>

<node id="10" bw="0" op_0_bw="0" op_1_bw="32">
<![CDATA[
:3  call void (...)* @_ssdm_op_SpecBitsMap([100 x float]* %vector) nounwind, !map !46

]]></node>
<StgValue><ssdm name=""/></StgValue>
</operation>

<operation id="20" st_id="1" stage="1" lat="1">
<core>NULL</core>
<MemPortIdVec></MemPortIdVec>
<condition id="17">
<or_exp><and_exp></and_exp></or_exp>
</condition>

<node id="11" bw="0" op_0_bw="0" op_1_bw="32">
<![CDATA[
:4  call void (...)* @_ssdm_op_SpecBitsMap([100 x float]* %output_r) nounwind, !map !52

]]></node>
<StgValue><ssdm name=""/></StgValue>
</operation>

<operation id="21" st_id="1" stage="1" lat="1">
<core>NULL</core>
<MemPortIdVec></MemPortIdVec>
<condition id="17">
<or_exp><and_exp></and_exp></or_exp>
</condition>

<node id="12" bw="0" op_0_bw="0" op_1_bw="32">
<![CDATA[
:5  call void (...)* @_ssdm_op_SpecBitsMap(i32 %nnz) nounwind, !map !56

]]></node>
<StgValue><ssdm name=""/></StgValue>
</operation>

<operation id="22" st_id="1" stage="1" lat="1">
<core>NULL</core>
<MemPortIdVec></MemPortIdVec>
<condition id="17">
<or_exp><and_exp></and_exp></or_exp>
</condition>

<node id="13" bw="0" op_0_bw="0" op_1_bw="0">
<![CDATA[
:6  call void (...)* @_ssdm_op_SpecTopModule([9 x i8]* @COO_SpMV_str) nounwind

]]></node>
<StgValue><ssdm name=""/></StgValue>
</operation>

<operation id="23" st_id="1" stage="1" lat="1">
<core>NULL</core>
<MemPortIdVec></MemPortIdVec>
<condition id="17">
<or_exp><and_exp></and_exp></or_exp>
</condition>

<node id="14" bw="32" op_0_bw="32" op_1_bw="32">
<![CDATA[
:7  %nnz_read = call i32 @_ssdm_op_Read.ap_auto.i32(i32 %nnz) nounwind

]]></node>
<StgValue><ssdm name="nnz_read"/></StgValue>
</operation>

<operation id="24" st_id="1" stage="1" lat="1">
<core>NULL</core>
<MemPortIdVec></MemPortIdVec>
<condition id="17">
<or_exp><and_exp></and_exp></or_exp>
</condition>

<node id="15" bw="0" op_0_bw="0">
<![CDATA[
:8  br label %1

]]></node>
<StgValue><ssdm name=""/></StgValue>
</operation>
</state>

<state id="2" st_id="2">

<operation id="25" st_id="2" stage="1" lat="1">
<core>NULL</core>
<MemPortIdVec></MemPortIdVec>
<condition id="18">
<or_exp><and_exp></and_exp></or_exp>
</condition>

<node id="17" bw="7" op_0_bw="7" op_1_bw="0">
<![CDATA[
:0  %i = phi i7 [ 0, %0 ], [ %i_1, %2 ]

]]></node>
<StgValue><ssdm name="i"/></StgValue>
</operation>

<operation id="26" st_id="2" stage="1" lat="1">
<core>Cmp</core>
<MemPortIdVec></MemPortIdVec>
<condition id="18">
<or_exp><and_exp></and_exp></or_exp>
</condition>

<node id="18" bw="1" op_0_bw="7" op_1_bw="7">
<![CDATA[
:1  %exitcond1 = icmp eq i7 %i, -28

]]></node>
<StgValue><ssdm name="exitcond1"/></StgValue>
</operation>

<operation id="27" st_id="2" stage="1" lat="1">
<core>NULL</core>
<MemPortIdVec></MemPortIdVec>
<condition id="18">
<or_exp><and_exp></and_exp></or_exp>
</condition>

<node id="19" bw="32" op_0_bw="32" op_1_bw="64" op_2_bw="64" op_3_bw="64">
<![CDATA[
:2  %empty = call i32 (...)* @_ssdm_op_SpecLoopTripCount(i64 100, i64 100, i64 100) nounwind

]]></node>
<StgValue><ssdm name="empty"/></StgValue>
</operation>

<operation id="28" st_id="2" stage="1" lat="1">
<core>AddSub</core>
<MemPortIdVec></MemPortIdVec>
<condition id="18">
<or_exp><and_exp></and_exp></or_exp>
</condition>

<node id="20" bw="7" op_0_bw="7" op_1_bw="7">
<![CDATA[
:3  %i_1 = add i7 %i, 1

]]></node>
<StgValue><ssdm name="i_1"/></StgValue>
</operation>

<operation id="29" st_id="2" stage="1" lat="1">
<core>NULL</core>
<MemPortIdVec></MemPortIdVec>
<condition id="18">
<or_exp><and_exp></and_exp></or_exp>
</condition>

<node id="21" bw="0" op_0_bw="1" op_1_bw="0" op_2_bw="0">
<![CDATA[
:4  br i1 %exitcond1, label %.preheader, label %2

]]></node>
<StgValue><ssdm name=""/></StgValue>
</operation>

<operation id="30" st_id="2" stage="1" lat="1">
<core>NULL</core>
<MemPortIdVec></MemPortIdVec>
<condition id="20">
<or_exp><and_exp><literal name="exitcond1" val="0"/>
</and_exp></or_exp>
</condition>

<node id="23" bw="64" op_0_bw="7">
<![CDATA[
:0  %tmp = zext i7 %i to i64

]]></node>
<StgValue><ssdm name="tmp"/></StgValue>
</operation>

<operation id="31" st_id="2" stage="1" lat="1">
<core>NULL</core>
<MemPortIdVec></MemPortIdVec>
<condition id="20">
<or_exp><and_exp><literal name="exitcond1" val="0"/>
</and_exp></or_exp>
</condition>

<node id="24" bw="7" op_0_bw="32" op_1_bw="64" op_2_bw="64">
<![CDATA[
:1  %output_addr = getelementptr [100 x float]* %output_r, i64 0, i64 %tmp

]]></node>
<StgValue><ssdm name="output_addr"/></StgValue>
</operation>

<operation id="32" st_id="2" stage="1" lat="1">
<core>RAM</core>
<MemPortIdVec></MemPortIdVec>
<condition id="20">
<or_exp><and_exp><literal name="exitcond1" val="0"/>
</and_exp></or_exp>
</condition>

<node id="25" bw="0" op_0_bw="32" op_1_bw="7">
<![CDATA[
:2  store float 0.000000e+00, float* %output_addr, align 4

]]></node>
<StgValue><ssdm name=""/></StgValue>
</operation>

<operation id="33" st_id="2" stage="1" lat="1">
<core>NULL</core>
<MemPortIdVec></MemPortIdVec>
<condition id="20">
<or_exp><and_exp><literal name="exitcond1" val="0"/>
</and_exp></or_exp>
</condition>

<node id="26" bw="0" op_0_bw="0">
<![CDATA[
:3  br label %1

]]></node>
<StgValue><ssdm name=""/></StgValue>
</operation>
</state>

<state id="3" st_id="3">

<operation id="34" st_id="3" stage="1" lat="1">
<core>NULL</core>
<MemPortIdVec></MemPortIdVec>
<condition id="-1">
<or_exp><and_exp></and_exp></or_exp>
</condition>

<node id="28" bw="14" op_0_bw="14" op_1_bw="0">
<![CDATA[
.preheader:0  %i1 = phi i14 [ %i_2, %._crit_edge ], [ 0, %1 ]

]]></node>
<StgValue><ssdm name="i1"/></StgValue>
</operation>

<operation id="35" st_id="3" stage="1" lat="1">
<core>Cmp</core>
<MemPortIdVec></MemPortIdVec>
<condition id="-1">
<or_exp><and_exp></and_exp></or_exp>
</condition>

<node id="29" bw="1" op_0_bw="14" op_1_bw="14">
<![CDATA[
.preheader:1  %exitcond = icmp eq i14 %i1, -6384

]]></node>
<StgValue><ssdm name="exitcond"/></StgValue>
</operation>

<operation id="36" st_id="3" stage="1" lat="1">
<core>AddSub</core>
<MemPortIdVec></MemPortIdVec>
<condition id="-1">
<or_exp><and_exp></and_exp></or_exp>
</condition>

<node id="30" bw="14" op_0_bw="14" op_1_bw="14">
<![CDATA[
.preheader:2  %i_2 = add i14 %i1, 1

]]></node>
<StgValue><ssdm name="i_2"/></StgValue>
</operation>

<operation id="37" st_id="3" stage="1" lat="1">
<core>NULL</core>
<MemPortIdVec></MemPortIdVec>
<condition id="-1">
<or_exp><and_exp></and_exp></or_exp>
</condition>

<node id="31" bw="0" op_0_bw="1" op_1_bw="0" op_2_bw="0">
<![CDATA[
.preheader:3  br i1 %exitcond, label %5, label %3

]]></node>
<StgValue><ssdm name=""/></StgValue>
</operation>

<operation id="38" st_id="3" stage="1" lat="1">
<core>NULL</core>
<MemPortIdVec></MemPortIdVec>
<condition id="0">
<or_exp><and_exp><literal name="exitcond" val="0"/>
</and_exp></or_exp>
</condition>

<node id="33" bw="32" op_0_bw="14">
<![CDATA[
:0  %i1_cast1 = zext i14 %i1 to i32

]]></node>
<StgValue><ssdm name="i1_cast1"/></StgValue>
</operation>

<operation id="39" st_id="3" stage="1" lat="1">
<core>Cmp</core>
<MemPortIdVec></MemPortIdVec>
<condition id="0">
<or_exp><and_exp><literal name="exitcond" val="0"/>
</and_exp></or_exp>
</condition>

<node id="37" bw="1" op_0_bw="32" op_1_bw="32">
<![CDATA[
:4  %tmp_2 = icmp slt i32 %i1_cast1, %nnz_read

]]></node>
<StgValue><ssdm name="tmp_2"/></StgValue>
</operation>

<operation id="40" st_id="3" stage="1" lat="1">
<core>NULL</core>
<MemPortIdVec></MemPortIdVec>
<condition id="0">
<or_exp><and_exp><literal name="exitcond" val="0"/>
</and_exp></or_exp>
</condition>

<node id="38" bw="0" op_0_bw="1" op_1_bw="0" op_2_bw="0">
<![CDATA[
:5  br i1 %tmp_2, label %4, label %._crit_edge

]]></node>
<StgValue><ssdm name=""/></StgValue>
</operation>

<operation id="41" st_id="3" stage="1" lat="1">
<core>NULL</core>
<MemPortIdVec></MemPortIdVec>
<condition id="21">
<or_exp><and_exp><literal name="exitcond" val="0"/>
<literal name="tmp_2" val="1"/>
</and_exp></or_exp>
</condition>

<node id="40" bw="64" op_0_bw="14">
<![CDATA[
:0  %tmp_3 = zext i14 %i1 to i64

]]></node>
<StgValue><ssdm name="tmp_3"/></StgValue>
</operation>

<operation id="42" st_id="3" stage="1" lat="1">
<core>NULL</core>
<MemPortIdVec></MemPortIdVec>
<condition id="21">
<or_exp><and_exp><literal name="exitcond" val="0"/>
<literal name="tmp_2" val="1"/>
</and_exp></or_exp>
</condition>

<node id="41" bw="14" op_0_bw="32" op_1_bw="64" op_2_bw="64">
<![CDATA[
:1  %val_addr = getelementptr [10000 x float]* %val_r, i64 0, i64 %tmp_3

]]></node>
<StgValue><ssdm name="val_addr"/></StgValue>
</operation>

<operation id="43" st_id="3" stage="2" lat="2">
<core>RAM</core>
<MemPortIdVec></MemPortIdVec>
<condition id="21">
<or_exp><and_exp><literal name="exitcond" val="0"/>
<literal name="tmp_2" val="1"/>
</and_exp></or_exp>
</condition>

<node id="42" bw="32" op_0_bw="14">
<![CDATA[
:2  %val_load = load float* %val_addr, align 4

]]></node>
<StgValue><ssdm name="val_load"/></StgValue>
</operation>

<operation id="44" st_id="3" stage="1" lat="1">
<core>NULL</core>
<MemPortIdVec></MemPortIdVec>
<condition id="21">
<or_exp><and_exp><literal name="exitcond" val="0"/>
<literal name="tmp_2" val="1"/>
</and_exp></or_exp>
</condition>

<node id="43" bw="14" op_0_bw="32" op_1_bw="64" op_2_bw="64">
<![CDATA[
:3  %col_addr = getelementptr [10000 x i32]* %col, i64 0, i64 %tmp_3

]]></node>
<StgValue><ssdm name="col_addr"/></StgValue>
</operation>

<operation id="45" st_id="3" stage="2" lat="2">
<core>RAM</core>
<MemPortIdVec></MemPortIdVec>
<condition id="21">
<or_exp><and_exp><literal name="exitcond" val="0"/>
<literal name="tmp_2" val="1"/>
</and_exp></or_exp>
</condition>

<node id="44" bw="32" op_0_bw="14">
<![CDATA[
:4  %col_load = load i32* %col_addr, align 4

]]></node>
<StgValue><ssdm name="col_load"/></StgValue>
</operation>

<operation id="46" st_id="3" stage="1" lat="1">
<core>NULL</core>
<MemPortIdVec></MemPortIdVec>
<condition id="21">
<or_exp><and_exp><literal name="exitcond" val="0"/>
<literal name="tmp_2" val="1"/>
</and_exp></or_exp>
</condition>

<node id="49" bw="14" op_0_bw="32" op_1_bw="64" op_2_bw="64">
<![CDATA[
:9  %row_addr = getelementptr [10000 x i32]* %row, i64 0, i64 %tmp_3

]]></node>
<StgValue><ssdm name="row_addr"/></StgValue>
</operation>

<operation id="47" st_id="3" stage="2" lat="2">
<core>RAM</core>
<MemPortIdVec></MemPortIdVec>
<condition id="21">
<or_exp><and_exp><literal name="exitcond" val="0"/>
<literal name="tmp_2" val="1"/>
</and_exp></or_exp>
</condition>

<node id="50" bw="32" op_0_bw="14">
<![CDATA[
:10  %row_load = load i32* %row_addr, align 4

]]></node>
<StgValue><ssdm name="row_load"/></StgValue>
</operation>
</state>

<state id="4" st_id="4">

<operation id="48" st_id="4" stage="1" lat="2">
<core>RAM</core>
<MemPortIdVec></MemPortIdVec>
<condition id="24">
<or_exp><and_exp><literal name="tmp_2" val="1"/>
</and_exp></or_exp>
</condition>

<node id="42" bw="32" op_0_bw="14">
<![CDATA[
:2  %val_load = load float* %val_addr, align 4

]]></node>
<StgValue><ssdm name="val_load"/></StgValue>
</operation>

<operation id="49" st_id="4" stage="1" lat="2">
<core>RAM</core>
<MemPortIdVec></MemPortIdVec>
<condition id="24">
<or_exp><and_exp><literal name="tmp_2" val="1"/>
</and_exp></or_exp>
</condition>

<node id="44" bw="32" op_0_bw="14">
<![CDATA[
:4  %col_load = load i32* %col_addr, align 4

]]></node>
<StgValue><ssdm name="col_load"/></StgValue>
</operation>

<operation id="50" st_id="4" stage="1" lat="1">
<core>NULL</core>
<MemPortIdVec></MemPortIdVec>
<condition id="24">
<or_exp><and_exp><literal name="tmp_2" val="1"/>
</and_exp></or_exp>
</condition>

<node id="45" bw="64" op_0_bw="32">
<![CDATA[
:5  %tmp_4 = sext i32 %col_load to i64

]]></node>
<StgValue><ssdm name="tmp_4"/></StgValue>
</operation>

<operation id="51" st_id="4" stage="1" lat="1">
<core>NULL</core>
<MemPortIdVec></MemPortIdVec>
<condition id="24">
<or_exp><and_exp><literal name="tmp_2" val="1"/>
</and_exp></or_exp>
</condition>

<node id="46" bw="7" op_0_bw="32" op_1_bw="64" op_2_bw="64">
<![CDATA[
:6  %vector_addr = getelementptr [100 x float]* %vector, i64 0, i64 %tmp_4

]]></node>
<StgValue><ssdm name="vector_addr"/></StgValue>
</operation>

<operation id="52" st_id="4" stage="2" lat="2">
<core>RAM</core>
<MemPortIdVec></MemPortIdVec>
<condition id="24">
<or_exp><and_exp><literal name="tmp_2" val="1"/>
</and_exp></or_exp>
</condition>

<node id="47" bw="32" op_0_bw="7">
<![CDATA[
:7  %vector_load = load float* %vector_addr, align 4

]]></node>
<StgValue><ssdm name="vector_load"/></StgValue>
</operation>

<operation id="53" st_id="4" stage="1" lat="2">
<core>RAM</core>
<MemPortIdVec></MemPortIdVec>
<condition id="24">
<or_exp><and_exp><literal name="tmp_2" val="1"/>
</and_exp></or_exp>
</condition>

<node id="50" bw="32" op_0_bw="14">
<![CDATA[
:10  %row_load = load i32* %row_addr, align 4

]]></node>
<StgValue><ssdm name="row_load"/></StgValue>
</operation>

<operation id="54" st_id="4" stage="1" lat="1">
<core>NULL</core>
<MemPortIdVec></MemPortIdVec>
<condition id="24">
<or_exp><and_exp><literal name="tmp_2" val="1"/>
</and_exp></or_exp>
</condition>

<node id="51" bw="64" op_0_bw="32">
<![CDATA[
:11  %tmp_6 = sext i32 %row_load to i64

]]></node>
<StgValue><ssdm name="tmp_6"/></StgValue>
</operation>

<operation id="55" st_id="4" stage="1" lat="1">
<core>NULL</core>
<MemPortIdVec></MemPortIdVec>
<condition id="24">
<or_exp><and_exp><literal name="tmp_2" val="1"/>
</and_exp></or_exp>
</condition>

<node id="52" bw="7" op_0_bw="32" op_1_bw="64" op_2_bw="64">
<![CDATA[
:12  %output_addr_1 = getelementptr [100 x float]* %output_r, i64 0, i64 %tmp_6

]]></node>
<StgValue><ssdm name="output_addr_1"/></StgValue>
</operation>
</state>

<state id="5" st_id="5">

<operation id="56" st_id="5" stage="1" lat="2">
<core>RAM</core>
<MemPortIdVec></MemPortIdVec>
<condition id="24">
<or_exp><and_exp><literal name="tmp_2" val="1"/>
</and_exp></or_exp>
</condition>

<node id="47" bw="32" op_0_bw="7">
<![CDATA[
:7  %vector_load = load float* %vector_addr, align 4

]]></node>
<StgValue><ssdm name="vector_load"/></StgValue>
</operation>

<operation id="57" st_id="5" stage="4" lat="4">
<core>FMul</core>
<MemPortIdVec></MemPortIdVec>
<condition id="24">
<or_exp><and_exp><literal name="tmp_2" val="1"/>
</and_exp></or_exp>
</condition>

<node id="48" bw="32" op_0_bw="32" op_1_bw="32">
<![CDATA[
:8  %tmp_5 = fmul float %val_load, %vector_load

]]></node>
<StgValue><ssdm name="tmp_5"/></StgValue>
</operation>
</state>

<state id="6" st_id="6">

<operation id="58" st_id="6" stage="3" lat="4">
<core>FMul</core>
<MemPortIdVec></MemPortIdVec>
<condition id="24">
<or_exp><and_exp><literal name="tmp_2" val="1"/>
</and_exp></or_exp>
</condition>

<node id="48" bw="32" op_0_bw="32" op_1_bw="32">
<![CDATA[
:8  %tmp_5 = fmul float %val_load, %vector_load

]]></node>
<StgValue><ssdm name="tmp_5"/></StgValue>
</operation>
</state>

<state id="7" st_id="7">

<operation id="59" st_id="7" stage="2" lat="4">
<core>FMul</core>
<MemPortIdVec></MemPortIdVec>
<condition id="24">
<or_exp><and_exp><literal name="tmp_2" val="1"/>
</and_exp></or_exp>
</condition>

<node id="48" bw="32" op_0_bw="32" op_1_bw="32">
<![CDATA[
:8  %tmp_5 = fmul float %val_load, %vector_load

]]></node>
<StgValue><ssdm name="tmp_5"/></StgValue>
</operation>

<operation id="60" st_id="7" stage="2" lat="2">
<core>RAM</core>
<MemPortIdVec></MemPortIdVec>
<condition id="24">
<or_exp><and_exp><literal name="tmp_2" val="1"/>
</and_exp></or_exp>
</condition>

<node id="53" bw="32" op_0_bw="7">
<![CDATA[
:13  %output_load = load float* %output_addr_1, align 4

]]></node>
<StgValue><ssdm name="output_load"/></StgValue>
</operation>
</state>

<state id="8" st_id="8">

<operation id="61" st_id="8" stage="1" lat="4">
<core>FMul</core>
<MemPortIdVec></MemPortIdVec>
<condition id="24">
<or_exp><and_exp><literal name="tmp_2" val="1"/>
</and_exp></or_exp>
</condition>

<node id="48" bw="32" op_0_bw="32" op_1_bw="32">
<![CDATA[
:8  %tmp_5 = fmul float %val_load, %vector_load

]]></node>
<StgValue><ssdm name="tmp_5"/></StgValue>
</operation>

<operation id="62" st_id="8" stage="1" lat="2">
<core>RAM</core>
<MemPortIdVec></MemPortIdVec>
<condition id="24">
<or_exp><and_exp><literal name="tmp_2" val="1"/>
</and_exp></or_exp>
</condition>

<node id="53" bw="32" op_0_bw="7">
<![CDATA[
:13  %output_load = load float* %output_addr_1, align 4

]]></node>
<StgValue><ssdm name="output_load"/></StgValue>
</operation>
</state>

<state id="9" st_id="9">

<operation id="63" st_id="9" stage="5" lat="5">
<core>FAddSub</core>
<MemPortIdVec></MemPortIdVec>
<condition id="24">
<or_exp><and_exp><literal name="tmp_2" val="1"/>
</and_exp></or_exp>
</condition>

<node id="54" bw="32" op_0_bw="32" op_1_bw="32">
<![CDATA[
:14  %tmp_7 = fadd float %output_load, %tmp_5

]]></node>
<StgValue><ssdm name="tmp_7"/></StgValue>
</operation>
</state>

<state id="10" st_id="10">

<operation id="64" st_id="10" stage="4" lat="5">
<core>FAddSub</core>
<MemPortIdVec></MemPortIdVec>
<condition id="24">
<or_exp><and_exp><literal name="tmp_2" val="1"/>
</and_exp></or_exp>
</condition>

<node id="54" bw="32" op_0_bw="32" op_1_bw="32">
<![CDATA[
:14  %tmp_7 = fadd float %output_load, %tmp_5

]]></node>
<StgValue><ssdm name="tmp_7"/></StgValue>
</operation>
</state>

<state id="11" st_id="11">

<operation id="65" st_id="11" stage="3" lat="5">
<core>FAddSub</core>
<MemPortIdVec></MemPortIdVec>
<condition id="24">
<or_exp><and_exp><literal name="tmp_2" val="1"/>
</and_exp></or_exp>
</condition>

<node id="54" bw="32" op_0_bw="32" op_1_bw="32">
<![CDATA[
:14  %tmp_7 = fadd float %output_load, %tmp_5

]]></node>
<StgValue><ssdm name="tmp_7"/></StgValue>
</operation>
</state>

<state id="12" st_id="12">

<operation id="66" st_id="12" stage="2" lat="5">
<core>FAddSub</core>
<MemPortIdVec></MemPortIdVec>
<condition id="24">
<or_exp><and_exp><literal name="tmp_2" val="1"/>
</and_exp></or_exp>
</condition>

<node id="54" bw="32" op_0_bw="32" op_1_bw="32">
<![CDATA[
:14  %tmp_7 = fadd float %output_load, %tmp_5

]]></node>
<StgValue><ssdm name="tmp_7"/></StgValue>
</operation>
</state>

<state id="13" st_id="13">

<operation id="67" st_id="13" stage="1" lat="5">
<core>FAddSub</core>
<MemPortIdVec></MemPortIdVec>
<condition id="24">
<or_exp><and_exp><literal name="tmp_2" val="1"/>
</and_exp></or_exp>
</condition>

<node id="54" bw="32" op_0_bw="32" op_1_bw="32">
<![CDATA[
:14  %tmp_7 = fadd float %output_load, %tmp_5

]]></node>
<StgValue><ssdm name="tmp_7"/></StgValue>
</operation>
</state>

<state id="14" st_id="14">

<operation id="68" st_id="14" stage="1" lat="1">
<core>NULL</core>
<MemPortIdVec></MemPortIdVec>
<condition id="22">
<or_exp><and_exp></and_exp></or_exp>
</condition>

<node id="34" bw="32" op_0_bw="32" op_1_bw="64" op_2_bw="64" op_3_bw="64">
<![CDATA[
:1  %empty_2 = call i32 (...)* @_ssdm_op_SpecLoopTripCount(i64 10000, i64 10000, i64 10000) nounwind

]]></node>
<StgValue><ssdm name="empty_2"/></StgValue>
</operation>

<operation id="69" st_id="14" stage="1" lat="1">
<core>NULL</core>
<MemPortIdVec></MemPortIdVec>
<condition id="22">
<or_exp><and_exp></and_exp></or_exp>
</condition>

<node id="35" bw="32" op_0_bw="32" op_1_bw="0">
<![CDATA[
:2  %tmp_1 = call i32 (...)* @_ssdm_op_SpecRegionBegin([12 x i8]* @p_str) nounwind

]]></node>
<StgValue><ssdm name="tmp_1"/></StgValue>
</operation>

<operation id="70" st_id="14" stage="1" lat="1">
<core>NULL</core>
<MemPortIdVec></MemPortIdVec>
<condition id="22">
<or_exp><and_exp></and_exp></or_exp>
</condition>

<node id="36" bw="0" op_0_bw="0" op_1_bw="32" op_2_bw="32" op_3_bw="32" op_4_bw="32" op_5_bw="0">
<![CDATA[
:3  call void (...)* @_ssdm_op_SpecPipeline(i32 -1, i32 1, i32 1, i32 0, [1 x i8]* @p_str1) nounwind

]]></node>
<StgValue><ssdm name=""/></StgValue>
</operation>

<operation id="71" st_id="14" stage="1" lat="1">
<core>RAM</core>
<MemPortIdVec></MemPortIdVec>
<condition id="24">
<or_exp><and_exp><literal name="tmp_2" val="1"/>
</and_exp></or_exp>
</condition>

<node id="55" bw="0" op_0_bw="32" op_1_bw="7">
<![CDATA[
:15  store float %tmp_7, float* %output_addr_1, align 4

]]></node>
<StgValue><ssdm name=""/></StgValue>
</operation>

<operation id="72" st_id="14" stage="1" lat="1">
<core>NULL</core>
<MemPortIdVec></MemPortIdVec>
<condition id="24">
<or_exp><and_exp><literal name="tmp_2" val="1"/>
</and_exp></or_exp>
</condition>

<node id="56" bw="0" op_0_bw="0">
<![CDATA[
:16  br label %._crit_edge

]]></node>
<StgValue><ssdm name=""/></StgValue>
</operation>

<operation id="73" st_id="14" stage="1" lat="1">
<core>NULL</core>
<MemPortIdVec></MemPortIdVec>
<condition id="26">
<or_exp><and_exp><literal name="exitcond" val="0"/>
</and_exp></or_exp>
</condition>

<node id="58" bw="32" op_0_bw="32" op_1_bw="0" op_2_bw="32">
<![CDATA[
._crit_edge:0  %empty_3 = call i32 (...)* @_ssdm_op_SpecRegionEnd([12 x i8]* @p_str, i32 %tmp_1) nounwind

]]></node>
<StgValue><ssdm name="empty_3"/></StgValue>
</operation>

<operation id="74" st_id="14" stage="1" lat="1">
<core>NULL</core>
<MemPortIdVec></MemPortIdVec>
<condition id="26">
<or_exp><and_exp><literal name="exitcond" val="0"/>
</and_exp></or_exp>
</condition>

<node id="59" bw="0" op_0_bw="0">
<![CDATA[
._crit_edge:1  br label %.preheader

]]></node>
<StgValue><ssdm name=""/></StgValue>
</operation>
</state>

<state id="15" st_id="15">

<operation id="75" st_id="15" stage="1" lat="1">
<core>NULL</core>
<MemPortIdVec></MemPortIdVec>
<condition id="27">
<or_exp><and_exp></and_exp></or_exp>
</condition>

<node id="61" bw="0">
<![CDATA[
:0  ret void

]]></node>
<StgValue><ssdm name=""/></StgValue>
</operation>
</state>
</state_list>


<ports>
</ports>


<dataflows>
</dataflows>


</stg>
