<profile>

<section name = "Vivado HLS Report for 'COO_SpMV'" level="0">
<item name = "Date">Sat Nov 12 12:25:57 2022
</item>
<item name = "Version">2016.2 (Build 1577090 on Thu Jun 02 16:59:10 MDT 2016)</item>
<item name = "Project">COO_SpMV.prj</item>
<item name = "Solution">solution1</item>
<item name = "Product family">zynq</item>
<item name = "Target device">xc7z020clg484-1</item>
</section>

<section name = "Performance Estimates" level="0">
<item name = "Timing (ns)">
<section name = "" level="1">
<item name = "Summary"><table name="" hasTotal="0">
<keys size="4">Clock, Target, Estimated, Uncertainty</keys>
<column name="ap_clk">10.00, 8.41, 1.25</column>
</table>
</item>
</section>
</item>
<item name = "Latency (clock cycles)">
<section name = "" level="1">
<item name = "Summary"><table name="" hasTotal="0">
<keys size="6">, min, max, min, max, Type</keys>
<column name="">10113, 10113, 10114, 10114, none</column>
</table>
</item>
<item name = "Detail">
<section name = "" level="1">
<item name = "Instance"><table name="" hasTotal="0">
<keys size="7">Instance, Module, min, max, min, max, Type</keys>
</table>
</item>
<item name = "Loop"><table name="" hasTotal="0">
<keys size="8">Loop Name, min, max, Latency, achieved, target, Count, Pipelined</keys>
<column name="- Loop 1">100, 100, 1, -, -, 100, no</column>
<column name="- Loop 2">10010, 10010, 12, 1, 1, 10000, yes</column>
</table>
</item>
</section>
</item>
</section>
</item>
</section>
</profile>
