<stg><name>COO_SpMV</name>


<trans_list>

<trans id="76" from="1" to="2">
<condition id="29">
<or_exp><and_exp></and_exp></or_exp>
</condition>
</trans>

<trans id="77" from="2" to="3">
<condition id="31">
<or_exp><and_exp><literal name="exitcond1" val="1"/>
</and_exp></or_exp>
</condition>
</trans>

<trans id="78" from="2" to="2">
<condition id="33">
<or_exp><and_exp><literal name="exitcond1" val="0"/>
</and_exp></or_exp>
</condition>
</trans>

<trans id="116" from="3" to="15">
<condition id="61">
<or_exp><and_exp><literal name="exitcond" val="1"/>
</and_exp></or_exp>
</condition>
</trans>

<trans id="117" from="3" to="4">
<condition id="73">
<or_exp><and_exp><literal name="exitcond" val="0"/>
</and_exp></or_exp>
</condition>
</trans>

<trans id="105" from="4" to="5">
<condition id="62">
<or_exp><and_exp></and_exp></or_exp>
</condition>
</trans>

<trans id="106" from="5" to="6">
<condition id="63">
<or_exp><and_exp></and_exp></or_exp>
</condition>
</trans>

<trans id="107" from="6" to="7">
<condition id="64">
<or_exp><and_exp></and_exp></or_exp>
</condition>
</trans>

<trans id="108" from="7" to="8">
<condition id="65">
<or_exp><and_exp></and_exp></or_exp>
</condition>
</trans>

<trans id="109" from="8" to="9">
<condition id="66">
<or_exp><and_exp></and_exp></or_exp>
</condition>
</trans>

<trans id="110" from="9" to="10">
<condition id="67">
<or_exp><and_exp></and_exp></or_exp>
</condition>
</trans>

<trans id="111" from="10" to="11">
<condition id="68">
<or_exp><and_exp></and_exp></or_exp>
</condition>
</trans>

<trans id="112" from="11" to="12">
<condition id="69">
<or_exp><and_exp></and_exp></or_exp>
</condition>
</trans>

<trans id="113" from="12" to="13">
<condition id="70">
<or_exp><and_exp></and_exp></or_exp>
</condition>
</trans>

<trans id="114" from="13" to="14">
<condition id="71">
<or_exp><and_exp></and_exp></or_exp>
</condition>
</trans>

<trans id="115" from="14" to="3">
<condition id="72">
<or_exp><and_exp></and_exp></or_exp>
</condition>
</trans>
</trans_list>



<state_list>

<state id="1" st_id="1">

<operation id="16" st_id="1" stage="1" lat="1">
<core>NULL</core>
<MemPortIdVec></MemPortIdVec>
<condition id="17">
<or_exp><and_exp></and_exp></or_exp>
</condition>

<node id="7" bw="0" op_0_bw="0" op_1_bw="32">
<![CDATA[
:0  call void (...)* @_ssdm_op_SpecBitsMap([10000 x i32]* %row) nounwind, !map !32

]]></node>
<StgValue><ssdm name=""/></StgValue>
</operation>

<operation id="17" st_id="1" stage="1" lat="1">
<core>NULL</core>
<MemPortIdVec></MemPortIdVec>
<condition id="17">
<or_exp><and_exp></and_exp></or_exp>
</condition>

<node id="8" bw="0" op_0_bw="0" op_1_bw="32">
<![CDATA[
:1  call void (...)* @_ssdm_op_SpecBitsMap([10000 x i32]* %col) nounwind, !map !38

]]></node>
<StgValue><ssdm name=""/></StgValue>
</operation>

<operation id="18" st_id="1" stage="1" lat="1">
<core>NULL</core>
<MemPortIdVec></MemPortIdVec>
<condition id="17">
<or_exp><and_exp></and_exp></or_exp>
</condition>

<node id="9" bw="0" op_0_bw="0" op_1_bw="32">
<![CDATA[
:2  call void (...)* @_ssdm_op_SpecBitsMap([10000 x float]* %val_r) nounwind, !map !42

]]></node>
<StgValue><ssdm name=""/></StgValue>
</operation>

<operation id="19" st_id="1" stage="1" lat="1">
<core>NULL</core>
<MemPortIdVec></MemPortIdVec>
<condition id="17">
<or_exp><and_exp></and_exp></or_exp>
</condition>

<node id="10" bw="0" op_0_bw="0" op_1_bw="32">
<![CDATA[
:3  call void (...)* @_ssdm_op_SpecBitsMap([100 x float]* %vector) nounwind, !map !46

]]></node>
<StgValue><ssdm name=""/></StgValue>
</operation>

<operation id="20" st_id="1" stage="1" lat="1">
<core>NULL</core>
<MemPortIdVec></MemPortIdVec>
<condition id="17">
<or_exp><and_exp></and_exp></or_exp>
</condition>

<node id="11" bw="0" op_0_bw="0" op_1_bw="32">
<![CDATA[
:4  call void (...)* @_ssdm_op_SpecBitsMap([100 x float]* %output_r) nounwind, !map !52

]]></node>
<StgValue><ssdm name=""/></StgValue>
</operation>

<operation id="21" st_id="1" stage="1" lat="1">
<core>NULL</core>
<MemPortIdVec></MemPortIdVec>
<condition id="17">
<or_exp><and_exp></and_exp></or_exp>
</condition>

<node id="12" bw="0" op_0_bw="0" op_1_bw="32">
<![CDATA[
:5  call void (...)* @_ssdm_op_SpecBitsMap(i32 %nnz) nounwind, !map !56

]]></node>
<StgValue><ssdm name=""/></StgValue>
</operation>

<operation id="22" st_id="1" stage="1" lat="1">
<core>NULL</core>
<MemPortIdVec></MemPortIdVec>
<condition id="17">
<or_exp><and_exp></and_exp></or_exp>
</condition>

<node id="13" bw="0" op_0_bw="0" op_1_bw="0">
<![CDATA[
:6  call void (...)* @_ssdm_op_SpecTopModule([9 x i8]* @COO_SpMV_str) nounwind

]]></node>
<StgValue><ssdm name=""/></StgValue>
</operation>

<operation id="23" st_id="1" stage="1" lat="1">
<core>NULL</core>
<MemPortIdVec></MemPortIdVec>
<condition id="17">
<or_exp><and_exp></and_exp></or_exp>
</condition>

<node id="14" bw="32" op_0_bw="32" op_1_bw="32">
<![CDATA[
:7  %nnz_read = call i32 @_ssdm_op_Read.ap_auto.i32(i32 %nnz) nounwind

]]></node>
<StgValue><ssdm name="nnz_read"/></StgValue>
</operation>

<operation id="24" st_id="1" stage="1" lat="1">
<core>NULL</core>
<MemPortIdVec></MemPortIdVec>
<condition id="17">
<or_exp><and_exp></and_exp></or_exp>
</condition>

<node id="15" bw="0" op_0_bw="0">
<![CDATA[
:8  br label %1

]]></node>
<StgValue><ssdm name=""/></StgValue>
</operation>
</state>

<state id="2" st_id="2">

<operation id="25" st_id="2" stage="1" lat="1">
<core>NULL</core>
<MemPortIdVec></MemPortIdVec>
<condition id="18">
<or_exp><and_exp></and_exp></or_exp>
</condition>

<node id="17" bw="7" op_0_bw="7" op_1_bw="0">
<![CDATA[
:0  %i = phi i7 [ 0, %0 ], [ %i_1, %2 ]

]]></node>
<StgValue><ssdm name="i"/></StgValue>
</operation>

<operation id="26" st_id="2" stage="1" lat="1">
<core>Cmp</core>
<MemPortIdVec></MemPortIdVec>
<condition id="18">
<or_exp><and_exp></and_exp></or_exp>
</condition>

<node id="18" bw="1" op_0_bw="7" op_1_bw="7">
<![CDATA[
:1  %exitcond1 = icmp eq i7 %i, -28

]]></node>
<StgValue><ssdm name="exitcond1"/></StgValue>
</operation>

<operation id="27" st_id="2" stage="1" lat="1">
<core>NULL</core>
<MemPortIdVec></MemPortIdVec>
<condition id="18">
<or_exp><and_exp></and_exp></or_exp>
</condition>

<node id="19" bw="32" op_0_bw="32" op_1_bw="64" op_2_bw="64" op_3_bw="64">
<![CDATA[
:2  %empty = call i32 (...)* @_ssdm_op_SpecLoopTripCount(i64 100, i64 100, i64 100) nounwind

]]></node>
<StgValue><ssdm name="empty"/></StgValue>
</operation>

<operation id="28" st_id="2" stage="1" lat="1">
<core>AddSub</core>
<MemPortIdVec></MemPortIdVec>
<condition id="18">
<or_exp><and_exp></and_exp></or_exp>
</condition>

<node id="20" bw="7" op_0_bw="7" op_1_bw="7">
<![CDATA[
:3  %i_1 = add i7 %i, 1

]]></node>
<StgValue><ssdm name="i_1"/></StgValue>
</operation>

<operation id="29" st_id="2" stage="1" lat="1">
<core>NULL</core>
<MemPortIdVec></MemPortIdVec>
<condition id="18">
<or_exp><and_exp></and_exp></or_exp>
</condition>

<node id="21" bw="0" op_0_bw="1" op_1_bw="0" op_2_bw="0">
<![CDATA[
:4  br i1 %exitcond1, label %.preheader, label %2

]]></node>
<StgValue><ssdm name=""/></StgValue>
</operation>

<operation id="30" st_id="2" stage="1" lat="1">
<core>NULL</core>
<MemPortIdVec></MemPortIdVec>
<condition id="20">
<or_exp><and_exp><literal name="exitcond1" val="0"/>
</and_exp></or_exp>
</condition>

<node id="23" bw="64" op_0_bw="7">
<![CDATA[
:0  %tmp = zext i7 %i to i64

]]></node>
<StgValue><ssdm name="tmp"/></StgValue>
</operation>

<operation id="31" st_id="2" stage="1" lat="1">
<core>NULL</core>
<MemPortIdVec></MemPortIdVec>
<condition id="20">
<or_exp><and_exp><literal name="exitcond1" val="0"/>
</and_exp></or_exp>
</condition>

<node id="24" bw="7" op_0_bw="32" op_1_bw="64" op_2_bw="64">
<![CDATA[
:1  %output_addr = getelementptr [100 x float]* %output_r, i64 0, i64 %tmp

]]></node>
<StgValue><ssdm name="output_addr"/></StgValue>
</operation>

<operation id="32" st_id="2" stage="1" lat="1">
<core>RAM</core>
<MemPortIdVec>0 </MemPortIdVec>
<condition id="20">
<or_exp><and_exp><literal name="exitcond1" val="0"/>
</and_exp></or_exp>
</condition>

<node id="25" bw="0" op_0_bw="32" op_1_bw="7">
<![CDATA[
:2  store float 0.000000e+00, float* %output_addr, align 4

]]></node>
<StgValue><ssdm name=""/></StgValue>
</operation>

<operation id="33" st_id="2" stage="1" lat="1">
<core>NULL</core>
<MemPortIdVec></MemPortIdVec>
<condition id="20">
<or_exp><and_exp><literal name="exitcond1" val="0"/>
</and_exp></or_exp>
</condition>

<node id="26" bw="0" op_0_bw="0">
<![CDATA[
:3  br label %1

]]></node>
<StgValue><ssdm name=""/></StgValue>
</operation>
</state>

<state id="3" st_id="3">

<operation id="34" st_id="3" stage="1" lat="1">
<core>NULL</core>
<MemPortIdVec></MemPortIdVec>
<condition id="-1">
<or_exp><and_exp></and_exp></or_exp>
</condition>

<node id="28" bw="14" op_0_bw="14" op_1_bw="0">
<![CDATA[
.preheader:0  %i1 = phi i14 [ %i_2, %._crit_edge ], [ 0, %1 ]

]]></node>
<StgValue><ssdm name="i1"/></StgValue>
</operation>

<operation id="35" st_id="3" stage="1" lat="1">
<core>Cmp</core>
<MemPortIdVec></MemPortIdVec>
<condition id="-1">
<or_exp><and_exp></and_exp></or_exp>
</condition>

<node id="29" bw="1" op_0_bw="14" op_1_bw="14">
<![CDATA[
.preheader:1  %exitcond = icmp eq i14 %i1, -6384

]]></node>
<StgValue><ssdm name="exitcond"/></StgValue>
</operation>

<operation id="36" st_id="3" stage="1" lat="1">
<core>AddSub</core>
<MemPortIdVec></MemPortIdVec>
<condition id="-1">
<or_exp><and_exp></and_exp></or_exp>
</condition>

<node id="30" bw="14" op_0_bw="14" op_1_bw="14">
<![CDATA[
.preheader:2  %i_2 = add i14 %i1, 1

]]></node>
<StgValue><ssdm name="i_2"/></StgValue>
</operation>

<operation id="37" st_id="3" stage="1" lat="1">
<core>NULL</core>
<MemPortIdVec></MemPortIdVec>
<condition id="-1">
<or_exp><and_exp></and_exp></or_exp>
</condition>

<node id="31" bw="0" op_0_bw="1" op_1_bw="0" op_2_bw="0">
<![CDATA[
.preheader:3  br i1 %exitcond, label %5, label %3

]]></node>
<StgValue><ssdm name=""/></StgValue>
</operation>

<operation id="38" st_id="3" stage="1" lat="1">
<core>NULL</core>
<MemPortIdVec></MemPortIdVec>
<condition id="0">
<or_exp><and_exp><literal name="exitcond" val="0"/>
</and_exp></or_exp>
</condition>

<node id="33" bw="32" op_0_bw="14">
<![CDATA[
:0  %i1_cast1 = zext i14 %i1 to i32

]]></node>
<StgValue><ssdm name="i1_cast1"/></StgValue>
</operation>

<operation id="39" st_id="3" stage="1" lat="1">
<core>Cmp</core>
<MemPortIdVec></MemPortIdVec>
<condition id="0">
<or_exp><and_exp><literal name="exitcond" val="0"/>
</and_exp></or_exp>
</condition>

<node id="37" bw="1" op_0_bw="32" op_1_bw="32">
<![CDATA[
:4  %tmp_2 = icmp slt i32 %i1_cast1, %nnz_read

]]></node>
<StgValue><ssdm name="tmp_2"/></StgValue>
</operation>

<operation id="40" st_id="3" stage="1" lat="1">
<core>NULL</core>
<MemPortIdVec></MemPortIdVec>
<condition id="0">
<or_exp><and_exp><literal name="exitcond" val="0"/>
</and_exp></or_exp>
</condition>

<node id="38" bw="0" op_0_bw="1" op_1_bw="0" op_2_bw="0">
<![CDATA[
:5  br i1 %tmp_2, label %4, label %._crit_edge

]]></node>
<StgValue><ssdm name=""/></StgValue>
</operation>

<operation id="41" st_id="3" stage="1" lat="1">
<core>NULL</core>
<MemPortIdVec></MemPortIdVec>
<condition id="21">
<or_exp><and_exp><literal name="exitcond" val="0"/>
<literal name="tmp_2" val="1"/>
</and_exp></or_exp>
</condition>

<node id="40" bw="64" op_0_bw="14">
<![CDATA[
:0  %tmp_3 = zext i14 %i1 to i64

]]></node>
<StgValue><ssdm name="tmp_3"/></StgValue>
</operation>

<operation id="42" st_id="3" stage="1" lat="1">
<core>NULL</core>
<MemPortIdVec></MemPortIdVec>
<condition id="21">
<or_exp><and_exp><literal name="exitcond" val="0"/>
<literal name="tmp_2" val="1"/>
</and_exp></or_exp>
</condition>

<node id="41" bw="14" op_0_bw="32" op_1_bw="64" op_2_bw="64">
<![CDATA[
:1  %val_addr = getelementptr [10000 x float]* %val_r, i64 0, i64 %tmp_3

]]></node>
<StgValue><ssdm name="val_addr"/></StgValue>
</operation>

<operation id="43" st_id="3" stage="2" lat="2">
<core>RAM</core>
<MemPortIdVec>0 </MemPortIdVec>
<condition id="21">
<or_exp><and_exp><literal name="exitcond" val="0"/>
<literal name="tmp_2" val="1"/>
</and_exp></or_exp>
</condition>

<node id="42" bw="32" op_0_bw="14">
<![CDATA[
:2  %val_load = load float* %val_addr, align 4

]]></node>
<StgValue><ssdm name="val_load"/></StgValue>
</operation>

<operation id="44" st_id="3" stage="1" lat="1">
<core>NULL</core>
<MemPortIdVec></MemPortIdVec>
<condition id="21">
<or_exp><and_exp><literal name="exitcond" val="0"/>
<literal name="tmp_2" val="1"/>
</and_exp></or_exp>
</condition>

<node id="43" bw="14" op_0_bw="32" op_1_bw="64" op_2_bw="64">
<![CDATA[
:3  %col_addr = getelementptr [10000 x i32]* %col, i64 0, i64 %tmp_3

]]></node>
<StgValue><ssdm name="col_addr"/></StgValue>
</operation>

<operation id="45" st_id="3" stage="2" lat="2">
<core>RAM</core>
<MemPortIdVec>0 </MemPortIdVec>
<condition id="21">
<or_exp><and_exp><literal name="exitcond" val="0"/>
<literal name="tmp_2" val="1"/>
</and_exp></or_exp>
</condition>

<node id="44" bw="32" op_0_bw="14">
<![CDATA[
:4  %col_load = load i32* %col_addr, align 4

]]></node>
<StgValue><ssdm name="col_load"/></StgValue>
</operation>

<operation id="46" st_id="3" stage="1" lat="1">
<core>NULL</core>
<MemPortIdVec></MemPortIdVec>
<condition id="21">
<or_exp><and_exp><literal name="exitcond" val="0"/>
<literal name="tmp_2" val="1"/>
</and_exp></or_exp>
</condition>

<node id="49" bw="14" op_0_bw="32" op_1_bw="64" op_2_bw="64">
<![CDATA[
:9  %row_addr = getelementptr [10000 x i32]* %row, i64 0, i64 %tmp_3

]]></node>
<StgValue><ssdm name="row_addr"/></StgValue>
</operation>

<operation id="47" st_id="3" stage="2" lat="2">
<core>RAM</core>
<MemPortIdVec>0 </MemPortIdVec>
<condition id="21">
<or_exp><and_exp><literal name="exitcond" val="0"/>
<literal name="tmp_2" val="1"/>
</and_exp></or_exp>
</condition>

<node id="50" bw="32" op_0_bw="14">
<![CDATA[
:10  %row_load = load i32* %row_addr, align 4

]]></node>
<StgValue><ssdm name="row_load"/></StgValue>
</operation>
</state>

<state id="4" st_id="4">

<operation id="48" st_id="4" stage="1" lat="2">
<core>RAM</core>
<MemPortIdVec>0 </MemPortIdVec>
<condition id="24">
<or_exp><and_exp><literal name="tmp_2" val="1"/>
</and_exp></or_exp>
</condition>

<node id="42" bw="32" op_0_bw="14">
<![CDATA[
:2  %val_load = load float* %val_addr, align 4

]]></node>
<StgValue><ssdm name="val_load"/></StgValue>
</operation>

<operation id="49" st_id="4" stage="1" lat="2">
<core>RAM</core>
<MemPortIdVec>0 </MemPortIdVec>
<condition id="24">
<or_exp><and_exp><literal name="tmp_2" val="1"/>
</and_exp></or_exp>
</condition>

<node id="44" bw="32" op_0_bw="14">
<![CDATA[
:4  %col_load = load i32* %col_addr, align 4

]]></node>
<StgValue><ssdm name="col_load"/></StgValue>
</operation>

<operation id="50" st_id="4" stage="1" lat="1">
<core>NULL</core>
<MemPortIdVec></MemPortIdVec>
<condition id="24">
<or_exp><and_exp><literal name="tmp_2" val="1"/>
</and_exp></or_exp>
</condition>

<node id="45" bw="64" op_0_bw="32">
<![CDATA[
:5  %tmp_4 = sext i32 %col_load to i64

]]></node>
<StgValue><ssdm name="tmp_4"/></StgValue>
</operation>

<operation id="51" st_id="4" stage="1" lat="1">
<core>NULL</core>
<MemPortIdVec></MemPortIdVec>
<condition id="24">
<or_exp><and_exp><literal name="tmp_2" val="1"/>
</and_exp></or_exp>
</condition>

<node id="46" bw="7" op_0_bw="32" op_1_bw="64" op_2_bw="64">
<![CDATA[
:6  %vector_addr = getelementptr [100 x float]* %vector, i64 0, i64 %tmp_4

]]></node>
<StgValue><ssdm name="vector_addr"/></StgValue>
</operation>

<operation id="52" st_id="4" stage="2" lat="2">
<core>RAM</core>
<MemPortIdVec>0 </MemPortIdVec>
<condition id="24">
<or_exp><and_exp><literal name="tmp_2" val="1"/>
</and_exp></or_exp>
</condition>

<node id="47" bw="32" op_0_bw="7">
<![CDATA[
:7  %vector_load = load float* %vector_addr, align 4

]]></node>
<StgValue><ssdm name="vector_load"/></StgValue>
</operation>

<operation id="53" st_id="4" stage="1" lat="2">
<core>RAM</core>
<MemPortIdVec>0 </MemPortIdVec>
<condition id="24">
<or_exp><and_exp><literal name="tmp_2" val="1"/>
</and_exp></or_exp>
</condition>

<node id="50" bw="32" op_0_bw="14">
<![CDATA[
:10  %row_load = load i32* %row_addr, align 4

]]></node>
<StgValue><ssdm name="row_load"/></StgValue>
</operation>

<operation id="54" st_id="4" stage="1" lat="1">
<core>NULL</core>
<MemPortIdVec></MemPortIdVec>
<condition id="24">
<or_exp><and_exp><literal name="tmp_2" val="1"/>
</and_exp></or_exp>
</condition>

<node id="51" bw="64" op_0_bw="32">
<![CDATA[
:11  %tmp_6 = sext i32 %row_load to i64

]]></node>
<StgValue><ssdm name="tmp_6"/></StgValue>
</operation>

<operation id="55" st_id="4" stage="1" lat="1">
<core>NULL</core>
<MemPortIdVec></MemPortIdVec>
<condition id="24">
<or_exp><and_exp><literal name="tmp_2" val="1"/>
</and_exp></or_exp>
</condition>

<node id="52" bw="7" op_0_bw="32" op_1_bw="64" op_2_bw="64">
<![CDATA[
:12  %output_addr_1 = getelementptr [100 x float]* %output_r, i64 0, i64 %tmp_6

]]></node>
<StgValue><ssdm name="output_addr_1"/></StgValue>
</operation>
</state>

<state id="5" st_id="5">

<operation id="56" st_id="5" stage="1" lat="2">
<core>RAM</core>
<MemPortIdVec>0 </MemPortIdVec>
<condition id="24">
<or_exp><and_exp><literal name="tmp_2" val="1"/>
</and_exp></or_exp>
</condition>

<node id="47" bw="32" op_0_bw="7">
<![CDATA[
:7  %vector_load = load float* %vector_addr, align 4

]]></node>
<StgValue><ssdm name="vector_load"/></StgValue>
</operation>

<operation id="57" st_id="5" stage="4" lat="4">
<core>FMul</core>
<MemPortIdVec></MemPortIdVec>
<condition id="24">
<or_exp><and_exp><literal name="tmp_2" val="1"/>
</and_exp></or_exp>
</condition>

<node id="48" bw="32" op_0_bw="32" op_1_bw="32">
<![CDATA[
:8  %tmp_5 = fmul float %val_load, %vector_load

]]></node>
<StgValue><ssdm name="tmp_5"/></StgValue>
</operation>
</state>

<state id="6" st_id="6">

<operation id="58" st_id="6" stage="3" lat="4">
<core>FMul</core>
<MemPortIdVec></MemPortIdVec>
<condition id="24">
<or_exp><and_exp><literal name="tmp_2" val="1"/>
</and_exp></or_exp>
</condition>

<node id="48" bw="32" op_0_bw="32" op_1_bw="32">
<![CDATA[
:8  %tmp_5 = fmul float %val_load, %vector_load

]]></node>
<StgValue><ssdm name="tmp_5"/></StgValue>
</operation>
</state>

<state id="7" st_id="7">

<operation id="59" st_id="7" stage="2" lat="4">
<core>FMul</core>
<MemPortIdVec></MemPortIdVec>
<condition id="24">
<or_exp><and_exp><literal name="tmp_2" val="1"/>
</and_exp></or_exp>
</condition>

<node id="48" bw="32" op_0_bw="32" op_1_bw="32">
<![CDATA[
:8  %tmp_5 = fmul float %val_load, %vector_load

]]></node>
<StgValue><ssdm name="tmp_5"/></StgValue>
</operation>

<operation id="60" st_id="7" stage="2" lat="2">
<core>RAM</core>
<MemPortIdVec>0 </MemPortIdVec>
<condition id="24">
<or_exp><and_exp><literal name="tmp_2" val="1"/>
</and_exp></or_exp>
</condition>

<node id="53" bw="32" op_0_bw="7">
<![CDATA[
:13  %output_load = load float* %output_addr_1, align 4

]]></node>
<StgValue><ssdm name="output_load"/></StgValue>
</operation>
</state>

<state id="8" st_id="8">

<operation id="61" st_id="8" stage="1" lat="4">
<core>FMul</core>
<MemPortIdVec></MemPortIdVec>
<condition id="24">
<or_exp><and_exp><literal name="tmp_2" val="1"/>
</and_exp></or_exp>
</condition>

<node id="48" bw="32" op_0_bw="32" op_1_bw="32">
<![CDATA[
:8  %tmp_5 = fmul float %val_load, %vector_load

]]></node>
<StgValue><ssdm name="tmp_5"/></StgValue>
</operation>

<operation id="62" st_id="8" stage="1" lat="2">
<core>RAM</core>
<MemPortIdVec>0 </MemPortIdVec>
<condition id="24">
<or_exp><and_exp><literal name="tmp_2" val="1"/>
</and_exp></or_exp>
</condition>

<node id="53" bw="32" op_0_bw="7">
<![CDATA[
:13  %output_load = load float* %output_addr_1, align 4

]]></node>
<StgValue><ssdm name="output_load"/></StgValue>
</operation>
</state>

<state id="9" st_id="9">

<operation id="63" st_id="9" stage="5" lat="5">
<core>FAddSub</core>
<MemPortIdVec></MemPortIdVec>
<condition id="24">
<or_exp><and_exp><literal name="tmp_2" val="1"/>
</and_exp></or_exp>
</condition>

<node id="54" bw="32" op_0_bw="32" op_1_bw="32">
<![CDATA[
:14  %tmp_7 = fadd float %output_load, %tmp_5

]]></node>
<StgValue><ssdm name="tmp_7"/></StgValue>
</operation>
</state>

<state id="10" st_id="10">

<operation id="64" st_id="10" stage="4" lat="5">
<core>FAddSub</core>
<MemPortIdVec></MemPortIdVec>
<condition id="24">
<or_exp><and_exp><literal name="tmp_2" val="1"/>
</and_exp></or_exp>
</condition>

<node id="54" bw="32" op_0_bw="32" op_1_bw="32">
<![CDATA[
:14  %tmp_7 = fadd float %output_load, %tmp_5

]]></node>
<StgValue><ssdm name="tmp_7"/></StgValue>
</operation>
</state>

<state id="11" st_id="11">

<operation id="65" st_id="11" stage="3" lat="5">
<core>FAddSub</core>
<MemPortIdVec></MemPortIdVec>
<condition id="24">
<or_exp><and_exp><literal name="tmp_2" val="1"/>
</and_exp></or_exp>
</condition>

<node id="54" bw="32" op_0_bw="32" op_1_bw="32">
<![CDATA[
:14  %tmp_7 = fadd float %output_load, %tmp_5

]]></node>
<StgValue><ssdm name="tmp_7"/></StgValue>
</operation>
</state>

<state id="12" st_id="12">

<operation id="66" st_id="12" stage="2" lat="5">
<core>FAddSub</core>
<MemPortIdVec></MemPortIdVec>
<condition id="24">
<or_exp><and_exp><literal name="tmp_2" val="1"/>
</and_exp></or_exp>
</condition>

<node id="54" bw="32" op_0_bw="32" op_1_bw="32">
<![CDATA[
:14  %tmp_7 = fadd float %output_load, %tmp_5

]]></node>
<StgValue><ssdm name="tmp_7"/></StgValue>
</operation>
</state>

<state id="13" st_id="13">

<operation id="67" st_id="13" stage="1" lat="5">
<core>FAddSub</core>
<MemPortIdVec></MemPortIdVec>
<condition id="24">
<or_exp><and_exp><literal name="tmp_2" val="1"/>
</and_exp></or_exp>
</condition>

<node id="54" bw="32" op_0_bw="32" op_1_bw="32">
<![CDATA[
:14  %tmp_7 = fadd float %output_load, %tmp_5

]]></node>
<StgValue><ssdm name="tmp_7"/></StgValue>
</operation>
</state>

<state id="14" st_id="14">

<operation id="68" st_id="14" stage="1" lat="1">
<core>NULL</core>
<MemPortIdVec></MemPortIdVec>
<condition id="22">
<or_exp><and_exp></and_exp></or_exp>
</condition>

<node id="34" bw="32" op_0_bw="32" op_1_bw="64" op_2_bw="64" op_3_bw="64">
<![CDATA[
:1  %empty_2 = call i32 (...)* @_ssdm_op_SpecLoopTripCount(i64 10000, i64 10000, i64 10000) nounwind

]]></node>
<StgValue><ssdm name="empty_2"/></StgValue>
</operation>

<operation id="69" st_id="14" stage="1" lat="1">
<core>NULL</core>
<MemPortIdVec></MemPortIdVec>
<condition id="22">
<or_exp><and_exp></and_exp></or_exp>
</condition>

<node id="35" bw="32" op_0_bw="32" op_1_bw="0">
<![CDATA[
:2  %tmp_1 = call i32 (...)* @_ssdm_op_SpecRegionBegin([12 x i8]* @p_str) nounwind

]]></node>
<StgValue><ssdm name="tmp_1"/></StgValue>
</operation>

<operation id="70" st_id="14" stage="1" lat="1">
<core>NULL</core>
<MemPortIdVec></MemPortIdVec>
<condition id="22">
<or_exp><and_exp></and_exp></or_exp>
</condition>

<node id="36" bw="0" op_0_bw="0" op_1_bw="32" op_2_bw="32" op_3_bw="32" op_4_bw="32" op_5_bw="0">
<![CDATA[
:3  call void (...)* @_ssdm_op_SpecPipeline(i32 -1, i32 1, i32 1, i32 0, [1 x i8]* @p_str1) nounwind

]]></node>
<StgValue><ssdm name=""/></StgValue>
</operation>

<operation id="71" st_id="14" stage="1" lat="1">
<core>RAM</core>
<MemPortIdVec>1 </MemPortIdVec>
<condition id="24">
<or_exp><and_exp><literal name="tmp_2" val="1"/>
</and_exp></or_exp>
</condition>

<node id="55" bw="0" op_0_bw="32" op_1_bw="7">
<![CDATA[
:15  store float %tmp_7, float* %output_addr_1, align 4

]]></node>
<StgValue><ssdm name=""/></StgValue>
</operation>

<operation id="72" st_id="14" stage="1" lat="1">
<core>NULL</core>
<MemPortIdVec></MemPortIdVec>
<condition id="24">
<or_exp><and_exp><literal name="tmp_2" val="1"/>
</and_exp></or_exp>
</condition>

<node id="56" bw="0" op_0_bw="0">
<![CDATA[
:16  br label %._crit_edge

]]></node>
<StgValue><ssdm name=""/></StgValue>
</operation>

<operation id="73" st_id="14" stage="1" lat="1">
<core>NULL</core>
<MemPortIdVec></MemPortIdVec>
<condition id="26">
<or_exp><and_exp><literal name="exitcond" val="0"/>
</and_exp></or_exp>
</condition>

<node id="58" bw="32" op_0_bw="32" op_1_bw="0" op_2_bw="32">
<![CDATA[
._crit_edge:0  %empty_3 = call i32 (...)* @_ssdm_op_SpecRegionEnd([12 x i8]* @p_str, i32 %tmp_1) nounwind

]]></node>
<StgValue><ssdm name="empty_3"/></StgValue>
</operation>

<operation id="74" st_id="14" stage="1" lat="1">
<core>NULL</core>
<MemPortIdVec></MemPortIdVec>
<condition id="26">
<or_exp><and_exp><literal name="exitcond" val="0"/>
</and_exp></or_exp>
</condition>

<node id="59" bw="0" op_0_bw="0">
<![CDATA[
._crit_edge:1  br label %.preheader

]]></node>
<StgValue><ssdm name=""/></StgValue>
</operation>
</state>

<state id="15" st_id="15">

<operation id="75" st_id="15" stage="1" lat="1">
<core>NULL</core>
<MemPortIdVec></MemPortIdVec>
<condition id="27">
<or_exp><and_exp></and_exp></or_exp>
</condition>

<node id="61" bw="0">
<![CDATA[
:0  ret void

]]></node>
<StgValue><ssdm name=""/></StgValue>
</operation>
</state>
</state_list>


<ports>
<port id="118" name="row" dir="0" iftype="1">
<core>RAM</core><StgValue><ssdm name="row"/><MemPortTyVec>1 3 </MemPortTyVec>
</StgValue>
</port>
<port id="119" name="col" dir="0" iftype="1">
<core>RAM</core><StgValue><ssdm name="col"/><MemPortTyVec>1 3 </MemPortTyVec>
</StgValue>
</port>
<port id="120" name="val_r" dir="0" iftype="1">
<core>RAM</core><StgValue><ssdm name="val_r"/><MemPortTyVec>1 3 </MemPortTyVec>
</StgValue>
</port>
<port id="121" name="vector" dir="0" iftype="1">
<core>RAM</core><StgValue><ssdm name="vector"/><MemPortTyVec>1 3 </MemPortTyVec>
</StgValue>
</port>
<port id="122" name="output_r" dir="2" iftype="1">
<core>RAM</core><StgValue><ssdm name="output_r"/><MemPortTyVec>2 0 </MemPortTyVec>
</StgValue>
</port>
<port id="123" name="nnz" dir="0" iftype="0">
<core>NULL</core><StgValue><ssdm name="nnz"/></StgValue>
</port>
</ports>


<dataflows>
<dataflow id="125" from="_ssdm_op_SpecBitsMap" to="stg_16" fromId="124" toId="16">
</dataflow>
<dataflow id="126" from="row" to="stg_16" fromId="118" toId="16">
</dataflow>
<dataflow id="127" from="_ssdm_op_SpecBitsMap" to="stg_17" fromId="124" toId="17">
</dataflow>
<dataflow id="128" from="col" to="stg_17" fromId="119" toId="17">
</dataflow>
<dataflow id="129" from="_ssdm_op_SpecBitsMap" to="stg_18" fromId="124" toId="18">
</dataflow>
<dataflow id="130" from="val_r" to="stg_18" fromId="120" toId="18">
</dataflow>
<dataflow id="131" from="_ssdm_op_SpecBitsMap" to="stg_19" fromId="124" toId="19">
</dataflow>
<dataflow id="132" from="vector" to="stg_19" fromId="121" toId="19">
</dataflow>
<dataflow id="133" from="_ssdm_op_SpecBitsMap" to="stg_20" fromId="124" toId="20">
</dataflow>
<dataflow id="134" from="output_r" to="stg_20" fromId="122" toId="20">
</dataflow>
<dataflow id="135" from="_ssdm_op_SpecBitsMap" to="stg_21" fromId="124" toId="21">
</dataflow>
<dataflow id="136" from="nnz" to="stg_21" fromId="123" toId="21">
</dataflow>
<dataflow id="138" from="_ssdm_op_SpecTopModule" to="stg_22" fromId="137" toId="22">
</dataflow>
<dataflow id="140" from="COO_SpMV_str" to="stg_22" fromId="139" toId="22">
</dataflow>
<dataflow id="142" from="_ssdm_op_Read.ap_auto.i32" to="nnz_read" fromId="141" toId="23">
</dataflow>
<dataflow id="143" from="nnz" to="nnz_read" fromId="123" toId="23">
</dataflow>
<dataflow id="145" from="stg_144" to="i" fromId="144" toId="25">
<condition id="89">
<or_exp><and_exp></and_exp></or_exp>
</condition>
</dataflow>
<dataflow id="146" from="stg_24" to="i" fromId="24" toId="25">
</dataflow>
<dataflow id="147" from="i_1" to="i" fromId="28" toId="25">
<BackEdge/>
<condition id="90">
<or_exp><and_exp><literal name="exitcond1" val="0"/>
</and_exp></or_exp>
</condition>
</dataflow>
<dataflow id="148" from="stg_33" to="i" fromId="33" toId="25">
<BackEdge/>
</dataflow>
<dataflow id="149" from="i" to="exitcond1" fromId="25" toId="26">
</dataflow>
<dataflow id="151" from="stg_150" to="exitcond1" fromId="150" toId="26">
</dataflow>
<dataflow id="153" from="_ssdm_op_SpecLoopTripCount" to="empty" fromId="152" toId="27">
</dataflow>
<dataflow id="155" from="stg_154" to="empty" fromId="154" toId="27">
</dataflow>
<dataflow id="156" from="stg_154" to="empty" fromId="154" toId="27">
</dataflow>
<dataflow id="157" from="stg_154" to="empty" fromId="154" toId="27">
</dataflow>
<dataflow id="158" from="i" to="i_1" fromId="25" toId="28">
</dataflow>
<dataflow id="160" from="stg_159" to="i_1" fromId="159" toId="28">
</dataflow>
<dataflow id="161" from="exitcond1" to="stg_29" fromId="26" toId="29">
</dataflow>
<dataflow id="162" from="i" to="tmp" fromId="25" toId="30">
</dataflow>
<dataflow id="163" from="output_r" to="output_addr" fromId="122" toId="31">
</dataflow>
<dataflow id="165" from="stg_164" to="output_addr" fromId="164" toId="31">
</dataflow>
<dataflow id="166" from="tmp" to="output_addr" fromId="30" toId="31">
</dataflow>
<dataflow id="168" from="stg_167" to="stg_32" fromId="167" toId="32">
</dataflow>
<dataflow id="169" from="output_addr" to="stg_32" fromId="31" toId="32">
</dataflow>
<dataflow id="170" from="i_2" to="i1" fromId="36" toId="34">
<BackEdge/>
<condition id="91">
<or_exp><and_exp><literal name="exitcond" val="0"/>
</and_exp></or_exp>
</condition>
</dataflow>
<dataflow id="171" from="stg_74" to="i1" fromId="74" toId="34">
<BackEdge/>
</dataflow>
<dataflow id="173" from="stg_172" to="i1" fromId="172" toId="34">
<condition id="92">
<or_exp><and_exp><literal name="exitcond1" val="1"/>
</and_exp></or_exp>
</condition>
</dataflow>
<dataflow id="174" from="stg_29" to="i1" fromId="29" toId="34">
</dataflow>
<dataflow id="175" from="i1" to="exitcond" fromId="34" toId="35">
</dataflow>
<dataflow id="177" from="stg_176" to="exitcond" fromId="176" toId="35">
</dataflow>
<dataflow id="178" from="i1" to="i_2" fromId="34" toId="36">
</dataflow>
<dataflow id="180" from="stg_179" to="i_2" fromId="179" toId="36">
</dataflow>
<dataflow id="181" from="exitcond" to="stg_37" fromId="35" toId="37">
</dataflow>
<dataflow id="182" from="i1" to="i1_cast1" fromId="34" toId="38">
</dataflow>
<dataflow id="183" from="i1_cast1" to="tmp_2" fromId="38" toId="39">
</dataflow>
<dataflow id="184" from="nnz_read" to="tmp_2" fromId="23" toId="39">
</dataflow>
<dataflow id="185" from="tmp_2" to="stg_40" fromId="39" toId="40">
</dataflow>
<dataflow id="186" from="i1" to="tmp_3" fromId="34" toId="41">
</dataflow>
<dataflow id="187" from="val_r" to="val_addr" fromId="120" toId="42">
</dataflow>
<dataflow id="188" from="stg_164" to="val_addr" fromId="164" toId="42">
</dataflow>
<dataflow id="189" from="tmp_3" to="val_addr" fromId="41" toId="42">
</dataflow>
<dataflow id="190" from="val_addr" to="val_load" fromId="42" toId="43">
</dataflow>
<dataflow id="191" from="col" to="col_addr" fromId="119" toId="44">
</dataflow>
<dataflow id="192" from="stg_164" to="col_addr" fromId="164" toId="44">
</dataflow>
<dataflow id="193" from="tmp_3" to="col_addr" fromId="41" toId="44">
</dataflow>
<dataflow id="194" from="col_addr" to="col_load" fromId="44" toId="45">
</dataflow>
<dataflow id="195" from="row" to="row_addr" fromId="118" toId="46">
</dataflow>
<dataflow id="196" from="stg_164" to="row_addr" fromId="164" toId="46">
</dataflow>
<dataflow id="197" from="tmp_3" to="row_addr" fromId="41" toId="46">
</dataflow>
<dataflow id="198" from="row_addr" to="row_load" fromId="46" toId="47">
</dataflow>
<dataflow id="199" from="val_addr" to="val_load" fromId="42" toId="48">
</dataflow>
<dataflow id="200" from="col_addr" to="col_load" fromId="44" toId="49">
</dataflow>
<dataflow id="201" from="col_load" to="tmp_4" fromId="49" toId="50">
</dataflow>
<dataflow id="202" from="vector" to="vector_addr" fromId="121" toId="51">
</dataflow>
<dataflow id="203" from="stg_164" to="vector_addr" fromId="164" toId="51">
</dataflow>
<dataflow id="204" from="tmp_4" to="vector_addr" fromId="50" toId="51">
</dataflow>
<dataflow id="205" from="vector_addr" to="vector_load" fromId="51" toId="52">
</dataflow>
<dataflow id="206" from="row_addr" to="row_load" fromId="46" toId="53">
</dataflow>
<dataflow id="207" from="row_load" to="tmp_6" fromId="53" toId="54">
</dataflow>
<dataflow id="208" from="output_r" to="output_addr_1" fromId="122" toId="55">
</dataflow>
<dataflow id="209" from="stg_164" to="output_addr_1" fromId="164" toId="55">
</dataflow>
<dataflow id="210" from="tmp_6" to="output_addr_1" fromId="54" toId="55">
</dataflow>
<dataflow id="211" from="vector_addr" to="vector_load" fromId="51" toId="56">
</dataflow>
<dataflow id="212" from="val_load" to="tmp_5" fromId="48" toId="57">
</dataflow>
<dataflow id="213" from="vector_load" to="tmp_5" fromId="56" toId="57">
</dataflow>
<dataflow id="214" from="val_load" to="tmp_5" fromId="48" toId="58">
</dataflow>
<dataflow id="215" from="vector_load" to="tmp_5" fromId="56" toId="58">
</dataflow>
<dataflow id="216" from="val_load" to="tmp_5" fromId="48" toId="59">
</dataflow>
<dataflow id="217" from="vector_load" to="tmp_5" fromId="56" toId="59">
</dataflow>
<dataflow id="218" from="output_addr_1" to="output_load" fromId="55" toId="60">
</dataflow>
<dataflow id="219" from="val_load" to="tmp_5" fromId="48" toId="61">
</dataflow>
<dataflow id="220" from="vector_load" to="tmp_5" fromId="56" toId="61">
</dataflow>
<dataflow id="221" from="output_addr_1" to="output_load" fromId="55" toId="62">
</dataflow>
<dataflow id="222" from="output_load" to="tmp_7" fromId="62" toId="63">
</dataflow>
<dataflow id="223" from="tmp_5" to="tmp_7" fromId="61" toId="63">
</dataflow>
<dataflow id="224" from="output_load" to="tmp_7" fromId="62" toId="64">
</dataflow>
<dataflow id="225" from="tmp_5" to="tmp_7" fromId="61" toId="64">
</dataflow>
<dataflow id="226" from="output_load" to="tmp_7" fromId="62" toId="65">
</dataflow>
<dataflow id="227" from="tmp_5" to="tmp_7" fromId="61" toId="65">
</dataflow>
<dataflow id="228" from="output_load" to="tmp_7" fromId="62" toId="66">
</dataflow>
<dataflow id="229" from="tmp_5" to="tmp_7" fromId="61" toId="66">
</dataflow>
<dataflow id="230" from="output_load" to="tmp_7" fromId="62" toId="67">
</dataflow>
<dataflow id="231" from="tmp_5" to="tmp_7" fromId="61" toId="67">
</dataflow>
<dataflow id="232" from="_ssdm_op_SpecLoopTripCount" to="empty_2" fromId="152" toId="68">
</dataflow>
<dataflow id="234" from="stg_233" to="empty_2" fromId="233" toId="68">
</dataflow>
<dataflow id="235" from="stg_233" to="empty_2" fromId="233" toId="68">
</dataflow>
<dataflow id="236" from="stg_233" to="empty_2" fromId="233" toId="68">
</dataflow>
<dataflow id="238" from="_ssdm_op_SpecRegionBegin" to="tmp_1" fromId="237" toId="69">
</dataflow>
<dataflow id="240" from="p_str" to="tmp_1" fromId="239" toId="69">
</dataflow>
<dataflow id="242" from="_ssdm_op_SpecPipeline" to="stg_70" fromId="241" toId="70">
</dataflow>
<dataflow id="244" from="stg_243" to="stg_70" fromId="243" toId="70">
</dataflow>
<dataflow id="246" from="stg_245" to="stg_70" fromId="245" toId="70">
</dataflow>
<dataflow id="247" from="stg_245" to="stg_70" fromId="245" toId="70">
</dataflow>
<dataflow id="249" from="stg_248" to="stg_70" fromId="248" toId="70">
</dataflow>
<dataflow id="251" from="p_str1" to="stg_70" fromId="250" toId="70">
</dataflow>
<dataflow id="252" from="tmp_7" to="stg_71" fromId="67" toId="71">
</dataflow>
<dataflow id="253" from="output_addr_1" to="stg_71" fromId="55" toId="71">
</dataflow>
<dataflow id="255" from="_ssdm_op_SpecRegionEnd" to="empty_3" fromId="254" toId="73">
</dataflow>
<dataflow id="256" from="p_str" to="empty_3" fromId="239" toId="73">
</dataflow>
<dataflow id="257" from="tmp_1" to="empty_3" fromId="69" toId="73">
</dataflow>
<dataflow id="258" from="exitcond1" to="stg_2" fromId="26" toId="2">
</dataflow>
<dataflow id="259" from="exitcond" to="stg_3" fromId="35" toId="3">
</dataflow>
<dataflow id="260" from="tmp_2" to="stg_3" fromId="39" toId="3">
</dataflow>
<dataflow id="261" from="tmp_2" to="stg_4" fromId="39" toId="4">
</dataflow>
<dataflow id="262" from="tmp_2" to="stg_5" fromId="39" toId="5">
</dataflow>
<dataflow id="263" from="tmp_2" to="stg_6" fromId="39" toId="6">
</dataflow>
<dataflow id="264" from="tmp_2" to="stg_7" fromId="39" toId="7">
</dataflow>
<dataflow id="265" from="tmp_2" to="stg_8" fromId="39" toId="8">
</dataflow>
<dataflow id="266" from="tmp_2" to="stg_9" fromId="39" toId="9">
</dataflow>
<dataflow id="267" from="tmp_2" to="stg_10" fromId="39" toId="10">
</dataflow>
<dataflow id="268" from="tmp_2" to="stg_11" fromId="39" toId="11">
</dataflow>
<dataflow id="269" from="tmp_2" to="stg_12" fromId="39" toId="12">
</dataflow>
<dataflow id="270" from="tmp_2" to="stg_13" fromId="39" toId="13">
</dataflow>
<dataflow id="271" from="tmp_2" to="stg_14" fromId="39" toId="14">
</dataflow>
<dataflow id="272" from="exitcond" to="stg_14" fromId="35" toId="14">
</dataflow>
<dataflow id="273" from="exitcond1" to="stg_3" fromId="26" toId="3">
</dataflow>
<dataflow id="274" from="exitcond1" to="stg_4" fromId="26" toId="4">
</dataflow>
<dataflow id="275" from="exitcond1" to="stg_5" fromId="26" toId="5">
</dataflow>
<dataflow id="276" from="exitcond1" to="stg_6" fromId="26" toId="6">
</dataflow>
<dataflow id="277" from="exitcond1" to="stg_7" fromId="26" toId="7">
</dataflow>
<dataflow id="278" from="exitcond1" to="stg_8" fromId="26" toId="8">
</dataflow>
<dataflow id="279" from="exitcond1" to="stg_9" fromId="26" toId="9">
</dataflow>
<dataflow id="280" from="exitcond1" to="stg_10" fromId="26" toId="10">
</dataflow>
<dataflow id="281" from="exitcond1" to="stg_11" fromId="26" toId="11">
</dataflow>
<dataflow id="282" from="exitcond1" to="stg_12" fromId="26" toId="12">
</dataflow>
<dataflow id="283" from="exitcond1" to="stg_13" fromId="26" toId="13">
</dataflow>
<dataflow id="284" from="exitcond1" to="stg_14" fromId="26" toId="14">
</dataflow>
</dataflows>


</stg>
