<profile>

<section name = "Vivado HLS Report for 'COO_SpMV'" level="0">
<item name = "Date">Sat Nov 12 12:25:57 2022
</item>
<item name = "Version">2016.2 (Build 1577090 on Thu Jun 02 16:59:10 MDT 2016)</item>
<item name = "Project">COO_SpMV.prj</item>
<item name = "Solution">solution1</item>
<item name = "Product family">zynq</item>
<item name = "Target device">xc7z020clg484-1</item>
</section>

<section name = "Performance Estimates" level="0">
<item name = "Timing (ns)">
<section name = "" level="1">
<item name = "Target clock period (ns)">10.00</item>
<item name = "Clock uncertainty (ns)">1.25</item>
<item name = "Estimated clock period (ns)">8.41</item>
</section>
</item>
<item name = "Latency (clock cycles)">
<section name = "" level="1">
<item name = "Summary"><table name="" hasTotal="0">
<keys size="6">, min, max, min, max, Type</keys>
<column name="">10113, 10113, 10114, 10114, none</column>
</table>
</item>
<item name = "Detail">
<section name = "" level="1">
<item name = "Instance"><table name="" hasTotal="0">
<keys size="7">Instance, Module, min, max, min, max, Type</keys>
</table>
</item>
<item name = "Loop"><table name="" hasTotal="0">
<keys size="8">Loop Name, min, max, Latency, achieved, target, Count, Pipelined</keys>
<column name="- Loop 1">100, 100, 1, -, -, 100, no</column>
<column name="- Loop 2">10010, 10010, 12, 1, 1, 10000, yes</column>
</table>
</item>
</section>
</item>
</section>
</item>
</section>

<section name = "Utilization Estimates" level="0">
<item name = "Summary"><table name="" hasTotal="1">
<keys size="5">Name, BRAM_18K, DSP48E, FF, LUT</keys>
<column name="DSP">-, -, -, -</column>
<column name="Expression">-, -, 0, 40</column>
<column name="FIFO">-, -, -, -</column>
<column name="Instance">-, 5, 348, 711</column>
<column name="Memory">-, -, -, -</column>
<column name="Multiplexer">-, -, -, 30</column>
<column name="Register">-, -, 173, 8</column>
<specialColumn name="Available">280, 220, 106400, 53200</specialColumn>
<specialColumn name="Utilization (%)">0, 2, ~0, 1</specialColumn>
</table>
</item>
<item name = "Detail">
<section name = "" level="1">
<item name = "Instance"><table name="" hasTotal="1">
<keys size="6">Instance, Module, BRAM_18K, DSP48E, FF, LUT</keys>
<column name="COO_SpMV_fadd_32ns_32ns_32_5_full_dsp_U1">COO_SpMV_fadd_32ns_32ns_32_5_full_dsp, 0, 2, 205, 390</column>
<column name="COO_SpMV_fmul_32ns_32ns_32_4_max_dsp_U2">COO_SpMV_fmul_32ns_32ns_32_4_max_dsp, 0, 3, 143, 321</column>
</table>
</item>
<item name = "DSP48"><table name="" hasTotal="0">
<keys size="3">Instance, Module, Expression</keys>
</table>
</item>
<item name = "Memory"><table name="" hasTotal="1">
<keys size="9">Memory, Module, BRAM_18K, FF, LUT, Words, Bits, Banks, W*Bits*Banks</keys>
</table>
</item>
<item name = "FIFO"><table name="" hasTotal="1">
<keys size="7">Name, BRAM_18K, FF, LUT, Depth, Bits, Size:D*B</keys>
</table>
</item>
<item name = "Expression"><table name="" hasTotal="1">
<keys size="7">Variable Name, Operation, DSP48E, FF, LUT, Bitwidth P0, Bitwidth P1</keys>
<column name="i_1_fu_172_p2">+, 0, 0, 7, 7, 1</column>
<column name="i_2_fu_189_p2">+, 0, 0, 14, 14, 1</column>
<column name="exitcond1_fu_166_p2">icmp, 0, 0, 3, 7, 6</column>
<column name="exitcond_fu_183_p2">icmp, 0, 0, 5, 14, 14</column>
<column name="tmp_2_fu_199_p2">icmp, 0, 0, 11, 32, 32</column>
</table>
</item>
<item name = "Multiplexer"><table name="" hasTotal="1">
<keys size="5">Name, LUT, Input Size, Bits, Total Bits</keys>
<column name="ap_NS_fsm">1, 5, 1, 5</column>
<column name="ap_reg_ppiten_pp0_it11">1, 2, 1, 2</column>
<column name="i1_reg_146">14, 2, 14, 28</column>
<column name="i_reg_135">7, 2, 7, 14</column>
<column name="output_r_address0">7, 3, 7, 21</column>
</table>
</item>
<item name = "Register"><table name="" hasTotal="1">
<keys size="5">Name, FF, LUT, Bits, Const Bits</keys>
<column name="ap_CS_fsm">4, 0, 4, 0</column>
<column name="ap_reg_ppiten_pp0_it0">1, 0, 1, 0</column>
<column name="ap_reg_ppiten_pp0_it1">1, 0, 1, 0</column>
<column name="ap_reg_ppiten_pp0_it10">1, 0, 1, 0</column>
<column name="ap_reg_ppiten_pp0_it11">1, 0, 1, 0</column>
<column name="ap_reg_ppiten_pp0_it2">1, 0, 1, 0</column>
<column name="ap_reg_ppiten_pp0_it3">1, 0, 1, 0</column>
<column name="ap_reg_ppiten_pp0_it4">1, 0, 1, 0</column>
<column name="ap_reg_ppiten_pp0_it5">1, 0, 1, 0</column>
<column name="ap_reg_ppiten_pp0_it6">1, 0, 1, 0</column>
<column name="ap_reg_ppiten_pp0_it7">1, 0, 1, 0</column>
<column name="ap_reg_ppiten_pp0_it8">1, 0, 1, 0</column>
<column name="ap_reg_ppiten_pp0_it9">1, 0, 1, 0</column>
<column name="i1_reg_146">14, 0, 14, 0</column>
<column name="i_reg_135">7, 0, 7, 0</column>
<column name="output_addr_1_reg_273">7, 0, 7, 0</column>
<column name="output_load_reg_289">32, 0, 32, 0</column>
<column name="tmp_2_reg_244">1, 0, 1, 0</column>
<column name="tmp_5_reg_284">32, 0, 32, 0</column>
<column name="tmp_7_reg_294">32, 0, 32, 0</column>
<column name="val_load_reg_263">32, 0, 32, 0</column>
<column name="output_addr_1_reg_273">0, 7, 7, 0</column>
<column name="tmp_2_reg_244">0, 1, 1, 0</column>
</table>
</item>
</section>
</item>
</section>

<section name = "Interface" level="0">
<item name = "Summary"><table name="" hasTotal="0">
<keys size="6">RTL Ports, Dir, Bits, Protocol, Source Object, C Type</keys>
<column name="ap_clk">in, 1, ap_ctrl_hs, COO_SpMV, return value</column>
<column name="ap_rst">in, 1, ap_ctrl_hs, COO_SpMV, return value</column>
<column name="ap_start">in, 1, ap_ctrl_hs, COO_SpMV, return value</column>
<column name="ap_done">out, 1, ap_ctrl_hs, COO_SpMV, return value</column>
<column name="ap_idle">out, 1, ap_ctrl_hs, COO_SpMV, return value</column>
<column name="ap_ready">out, 1, ap_ctrl_hs, COO_SpMV, return value</column>
<column name="row_address0">out, 14, ap_memory, row, array</column>
<column name="row_ce0">out, 1, ap_memory, row, array</column>
<column name="row_q0">in, 32, ap_memory, row, array</column>
<column name="col_address0">out, 14, ap_memory, col, array</column>
<column name="col_ce0">out, 1, ap_memory, col, array</column>
<column name="col_q0">in, 32, ap_memory, col, array</column>
<column name="val_r_address0">out, 14, ap_memory, val_r, array</column>
<column name="val_r_ce0">out, 1, ap_memory, val_r, array</column>
<column name="val_r_q0">in, 32, ap_memory, val_r, array</column>
<column name="vector_address0">out, 7, ap_memory, vector, array</column>
<column name="vector_ce0">out, 1, ap_memory, vector, array</column>
<column name="vector_q0">in, 32, ap_memory, vector, array</column>
<column name="output_r_address0">out, 7, ap_memory, output_r, array</column>
<column name="output_r_ce0">out, 1, ap_memory, output_r, array</column>
<column name="output_r_we0">out, 1, ap_memory, output_r, array</column>
<column name="output_r_d0">out, 32, ap_memory, output_r, array</column>
<column name="output_r_q0">in, 32, ap_memory, output_r, array</column>
<column name="output_r_address1">out, 7, ap_memory, output_r, array</column>
<column name="output_r_ce1">out, 1, ap_memory, output_r, array</column>
<column name="output_r_we1">out, 1, ap_memory, output_r, array</column>
<column name="output_r_d1">out, 32, ap_memory, output_r, array</column>
<column name="nnz">in, 32, ap_none, nnz, scalar</column>
</table>
</item>
</section>

<section name = "Critical Path" level="0">
<item name = "Max Delay">8.41</item>
<item name = "Critical Path Table"><table name="Critical Path Table" hasTotal="0">
<keys size="15">Name, Operator, Delay, Accumulated Delay, Store Source, Resource, Core, Interface, Type, Port, Array, Scope, Pointer, Callee, Phi Node</keys>
<column name="'vector_load', COO_SpMV.cpp:27">load, 2.71, 2.71, -, -, -, -, -, -, &apos;vector&apos;, -, -, -, -</column>
<column name="'tmp_5', COO_SpMV.cpp:27">fmul, 5.70, 8.41, -, -, -, -, -, -, -, -, -, -, -</column>
</table>
</item>
</section>
</profile>
