<?xml version="1.0" encoding="UTF-8"?>
<GenRun Id="vga_fifo_synth_1" LaunchPart="xc7z020clg484-1" LaunchTime="1668274625">
  <File Type="VDS-TIMING-PB" Name="vga_fifo_timing_summary_synth.pb"/>
  <File Type="VDS-TIMINGSUMMARY" Name="vga_fifo_timing_summary_synth.rpt"/>
  <File Type="RDS-RDS" Name="vga_fifo.vds"/>
  <File Type="PA-TCL" Name="vga_fifo.tcl"/>
  <File Type="RDS-PROPCONSTRS" Name="vga_fifo_drc_synth.rpt"/>
  <File Type="RDS-UTIL" Name="vga_fifo_utilization_synth.rpt"/>
  <File Type="RDS-UTIL-PB" Name="vga_fifo_utilization_synth.pb"/>
  <File Type="RDS-DCP" Name="vga_fifo.dcp"/>
  <FileSet Name="sources" Type="BlockSrcs" RelSrcDir="$PSRCDIR/vga_fifo">
    <File Path="$PPRDIR/../../vivado-essentials/vga_fifo/vga_fifo.xci">
      <FileInfo>
        <Attr Name="UsedIn" Val="synthesis"/>
        <Attr Name="UsedIn" Val="implementation"/>
        <Attr Name="UsedIn" Val="simulation"/>
      </FileInfo>
    </File>
    <Config>
      <Option Name="TopModule" Val="vga_fifo"/>
      <Option Name="UseBlackboxStub" Val="1"/>
    </Config>
  </FileSet>
  <FileSet Name="constrs_in" Type="BlockSrcs" RelSrcDir="$PSRCDIR/vga_fifo">
    <File Path="$PPRDIR/../../vivado-essentials/vga_fifo/vga_fifo.xci">
      <FileInfo>
        <Attr Name="UsedIn" Val="synthesis"/>
        <Attr Name="UsedIn" Val="implementation"/>
        <Attr Name="UsedIn" Val="simulation"/>
      </FileInfo>
    </File>
    <Config>
      <Option Name="TopModule" Val="vga_fifo"/>
      <Option Name="UseBlackboxStub" Val="1"/>
    </Config>
  </FileSet>
  <Strategy Version="1" Minor="2">
    <StratHandle Name="Vivado Synthesis Defaults" Flow="Vivado Synthesis 2016">
      <Desc>Vivado Synthesis Defaults</Desc>
    </StratHandle>
    <Step Id="synth_design"/>
  </Strategy>
</GenRun>
