<?xml version="1.0" encoding="UTF-8"?>
<GenRun Id="fifo_32x512_synth_1" LaunchPart="xc7z020clg484-1" LaunchTime="1668274625">
  <File Type="VDS-TIMING-PB" Name="fifo_32x512_timing_summary_synth.pb"/>
  <File Type="VDS-TIMINGSUMMARY" Name="fifo_32x512_timing_summary_synth.rpt"/>
  <File Type="RDS-RDS" Name="fifo_32x512.vds"/>
  <File Type="PA-TCL" Name="fifo_32x512.tcl"/>
  <File Type="RDS-PROPCONSTRS" Name="fifo_32x512_drc_synth.rpt"/>
  <File Type="RDS-UTIL" Name="fifo_32x512_utilization_synth.rpt"/>
  <File Type="RDS-UTIL-PB" Name="fifo_32x512_utilization_synth.pb"/>
  <File Type="RDS-DCP" Name="fifo_32x512.dcp"/>
  <FileSet Name="sources" Type="BlockSrcs" RelSrcDir="$PSRCDIR/fifo_32x512">
    <File Path="$PPRDIR/../../vivado-essentials/fifo_32x512/fifo_32x512.xci">
      <FileInfo>
        <Attr Name="UsedIn" Val="synthesis"/>
        <Attr Name="UsedIn" Val="implementation"/>
        <Attr Name="UsedIn" Val="simulation"/>
      </FileInfo>
    </File>
    <Config>
      <Option Name="TopModule" Val="fifo_32x512"/>
      <Option Name="UseBlackboxStub" Val="1"/>
    </Config>
  </FileSet>
  <FileSet Name="constrs_in" Type="BlockSrcs" RelSrcDir="$PSRCDIR/fifo_32x512">
    <File Path="$PPRDIR/../../vivado-essentials/fifo_32x512/fifo_32x512.xci">
      <FileInfo>
        <Attr Name="UsedIn" Val="synthesis"/>
        <Attr Name="UsedIn" Val="implementation"/>
        <Attr Name="UsedIn" Val="simulation"/>
      </FileInfo>
    </File>
    <Config>
      <Option Name="TopModule" Val="fifo_32x512"/>
      <Option Name="UseBlackboxStub" Val="1"/>
    </Config>
  </FileSet>
  <Strategy Version="1" Minor="2">
    <StratHandle Name="Vivado Synthesis Defaults" Flow="Vivado Synthesis 2016">
      <Desc>Vivado Synthesis Defaults</Desc>
    </StratHandle>
    <Step Id="synth_design"/>
  </Strategy>
</GenRun>
