<?xml version="1.0" encoding="UTF-8"?>
<GenRun Id="fifo_8x2048_synth_1" LaunchPart="xc7z020clg484-1" LaunchTime="1668274625">
  <File Type="VDS-TIMING-PB" Name="fifo_8x2048_timing_summary_synth.pb"/>
  <File Type="VDS-TIMINGSUMMARY" Name="fifo_8x2048_timing_summary_synth.rpt"/>
  <File Type="RDS-RDS" Name="fifo_8x2048.vds"/>
  <File Type="PA-TCL" Name="fifo_8x2048.tcl"/>
  <File Type="RDS-PROPCONSTRS" Name="fifo_8x2048_drc_synth.rpt"/>
  <File Type="RDS-UTIL" Name="fifo_8x2048_utilization_synth.rpt"/>
  <File Type="RDS-UTIL-PB" Name="fifo_8x2048_utilization_synth.pb"/>
  <File Type="RDS-DCP" Name="fifo_8x2048.dcp"/>
  <FileSet Name="sources" Type="BlockSrcs" RelSrcDir="$PSRCDIR/fifo_8x2048">
    <File Path="$PPRDIR/../../vivado-essentials/fifo_8x2048/fifo_8x2048.xci">
      <FileInfo>
        <Attr Name="UsedIn" Val="synthesis"/>
        <Attr Name="UsedIn" Val="implementation"/>
        <Attr Name="UsedIn" Val="simulation"/>
      </FileInfo>
    </File>
    <Config>
      <Option Name="TopModule" Val="fifo_8x2048"/>
      <Option Name="UseBlackboxStub" Val="1"/>
    </Config>
  </FileSet>
  <FileSet Name="constrs_in" Type="BlockSrcs" RelSrcDir="$PSRCDIR/fifo_8x2048">
    <File Path="$PPRDIR/../../vivado-essentials/fifo_8x2048/fifo_8x2048.xci">
      <FileInfo>
        <Attr Name="UsedIn" Val="synthesis"/>
        <Attr Name="UsedIn" Val="implementation"/>
        <Attr Name="UsedIn" Val="simulation"/>
      </FileInfo>
    </File>
    <Config>
      <Option Name="TopModule" Val="fifo_8x2048"/>
      <Option Name="UseBlackboxStub" Val="1"/>
    </Config>
  </FileSet>
  <Strategy Version="1" Minor="2">
    <StratHandle Name="Vivado Synthesis Defaults" Flow="Vivado Synthesis 2016">
      <Desc>Vivado Synthesis Defaults</Desc>
    </StratHandle>
    <Step Id="synth_design"/>
  </Strategy>
</GenRun>
